{".env":[".env"],"assets/icons/app_icon.svg":["assets/icons/app_icon.svg"],"assets/icons/favicon.ico":["assets/icons/favicon.ico"],"config/windows_download.json":["config/windows_download.json"],"packages/cupertino_icons/assets/CupertinoIcons.ttf":["packages/cupertino_icons/assets/CupertinoIcons.ttf"],"packages/flutter_js/assets/js/fetch.js":["packages/flutter_js/assets/js/fetch.js"],"packages/flutter_map/lib/assets/flutter_map_logo.png":["packages/flutter_map/lib/assets/flutter_map_logo.png"],"web/icons/Icon-192.png":["web/icons/Icon-192.png"],"web/icons/Icon-512.png":["web/icons/Icon-512.png"],"web/icons/Icon-maskable-192.png":["web/icons/Icon-maskable-192.png"],"web/icons/Icon-maskable-512.png":["web/icons/Icon-maskable-512.png"],"web/icons/agora-market-icon.svg":["web/icons/agora-market-icon.svg"],"web/icons/android-icon-144x144.png":["web/icons/android-icon-144x144.png"],"web/icons/android-icon-192x192.png":["web/icons/android-icon-192x192.png"],"web/icons/android-icon-36x36.png":["web/icons/android-icon-36x36.png"],"web/icons/android-icon-48x48.png":["web/icons/android-icon-48x48.png"],"web/icons/android-icon-72x72.png":["web/icons/android-icon-72x72.png"],"web/icons/android-icon-96x96.png":["web/icons/android-icon-96x96.png"],"web/icons/apple-icon-114x114.png":["web/icons/apple-icon-114x114.png"],"web/icons/apple-icon-120x120.png":["web/icons/apple-icon-120x120.png"],"web/icons/apple-icon-144x144.png":["web/icons/apple-icon-144x144.png"],"web/icons/apple-icon-152x152.png":["web/icons/apple-icon-152x152.png"],"web/icons/apple-icon-180x180.png":["web/icons/apple-icon-180x180.png"],"web/icons/apple-icon-57x57.png":["web/icons/apple-icon-57x57.png"],"web/icons/apple-icon-60x60.png":["web/icons/apple-icon-60x60.png"],"web/icons/apple-icon-72x72.png":["web/icons/apple-icon-72x72.png"],"web/icons/apple-icon-76x76.png":["web/icons/apple-icon-76x76.png"],"web/icons/apple-icon-precomposed.png":["web/icons/apple-icon-precomposed.png"],"web/icons/apple-icon.png":["web/icons/apple-icon.png"],"web/icons/browserconfig.xml":["web/icons/browserconfig.xml"],"web/icons/favicon-16x16.png":["web/icons/favicon-16x16.png"],"web/icons/favicon-32x32.png":["web/icons/favicon-32x32.png"],"web/icons/favicon-96x96.png":["web/icons/favicon-96x96.png"],"web/icons/favicon.ico":["web/icons/favicon.ico"],"web/icons/manifest.json":["web/icons/manifest.json"],"web/icons/ms-icon-144x144.png":["web/icons/ms-icon-144x144.png"],"web/icons/ms-icon-150x150.png":["web/icons/ms-icon-150x150.png"],"web/icons/ms-icon-310x310.png":["web/icons/ms-icon-310x310.png"],"web/icons/ms-icon-70x70.png":["web/icons/ms-icon-70x70.png"]}